Champion,Region,Rank,Tier,Summoner
Aatrox,na1,1,Grandmaster,bie yi han
Aatrox,na1,2,Challenger,Shockey
Aatrox,na1,3,Challenger,Crimson
Aatrox,na1,4,Challenger,Berik
Aatrox,na1,5,Challenger,HighThunderBolt
Ahri,na1,1,Grandmaster,k9 pooch
Ahri,na1,2,Challenger,LegitKorea
Ahri,na1,3,Challenger,Choker
Ahri,na1,4,Challenger,0na1t
Ahri,na1,5,Grandmaster,n fart walk
Akali,na1,1,Challenger,syeu
Akali,na1,2,Grandmaster,Zeneryth
Akali,na1,3,Challenger,Choker
Akali,na1,4,Challenger,tr1ckst3r
Akali,na1,5,Challenger,nooneknows14
Akshan,na1,1,Challenger,chenchen53
Akshan,na1,2,Challenger,Likable
Akshan,na1,3,Grandmaster,Doctor Doom
Akshan,na1,4,Grandmaster,Linh The Legend
Akshan,na1,5,Master,zombie12thfan
Alistar,na1,1,Challenger,Isles2
Alistar,na1,2,Challenger,Isles1
Alistar,na1,3,Challenger,Breezyyy
Alistar,na1,4,Challenger,KDKD
Alistar,na1,5,Grandmaster,loltyler1
Amumu,na1,1,Challenger,Daption
Amumu,na1,2,Grandmaster,3uphoria
Amumu,na1,3,Master,Battòusai
Amumu,na1,4,Master,C9 Berserker
Amumu,na1,5,Master,Haniagra
Anivia,na1,1,Master,Edward
Anivia,na1,2,Grandmaster,teanivia1
Anivia,na1,3,Master,坏批小跟班
Anivia,na1,4,Master,Anivia
Anivia,na1,5,Master,MyOwnProfile
Annie,na1,1,Grandmaster,Talon7
Annie,na1,2,Challenger,4 Stars
Annie,na1,3,Grandmaster,BLOODY
Annie,na1,4,Diamond 2,tequa
Annie,na1,5,Grandmaster,TurkishKebaby
Aphelios,na1,1,Challenger,Inoriboob
Aphelios,na1,2,Challenger,wixxi
Aphelios,na1,3,Challenger,links
Aphelios,na1,4,Challenger,Minuilol
Aphelios,na1,5,Challenger,ben1
Ashe,na1,1,Challenger,Bio Teacher
Ashe,na1,2,Challenger,Isles3
Ashe,na1,3,Challenger,我不知道这意味着什么
Ashe,na1,4,Challenger,suffix
Ashe,na1,5,Challenger,Benhart
Aurelion Sol,na1,1,Master,Avatar Nick
Aurelion Sol,na1,2,Grandmaster,UnControlled
Aurelion Sol,na1,3,Challenger,Ariendel
Aurelion Sol,na1,4,Master,KingCobra
Aurelion Sol,na1,5,Master,sukuna1
Azir,na1,1,Challenger,Kzykendy
Azir,na1,2,Grandmaster,riversided
Azir,na1,3,Master,ThereTheir
Azir,na1,4,Challenger,A Frozen Titan
Azir,na1,5,Challenger,Dark Wingdom
Bard,na1,1,Challenger,calvin
Bard,na1,2,Challenger,Isles3
Bard,na1,3,Challenger,FLY Busio
Bard,na1,4,Challenger,ebb
Bard,na1,5,Challenger,cosha
Bel'Veth,na1,1,Challenger,Amazo
Bel'Veth,na1,2,Challenger,爱伊莲恩
Bel'Veth,na1,3,Challenger,Yuu13
Bel'Veth,na1,4,Challenger,co1dco1d
Bel'Veth,na1,5,Challenger,Seattle
Blitzcrank,na1,1,Grandmaster,Rocket
Blitzcrank,na1,2,Grandmaster,Ditto
Blitzcrank,na1,3,Grandmaster,DDOSS
Blitzcrank,na1,4,Challenger,FLY Busio
Blitzcrank,na1,5,Grandmaster,HappySupportGuy
Brand,na1,1,Challenger,teemomain85
Brand,na1,2,Challenger,RoseThorn
Brand,na1,3,Challenger,冰岛英雄
Brand,na1,4,Grandmaster,Haru De Wana1i
Brand,na1,5,Grandmaster,dokja
Braum,na1,1,Challenger,Isles1
Braum,na1,2,Challenger,KDKD
Braum,na1,3,Challenger,Just1
Braum,na1,4,Grandmaster,Silver
Braum,na1,5,Challenger,Breezyyy
Briar,na1,1,Challenger,T0mio
Briar,na1,2,Challenger,kirby with hair
Briar,na1,3,Grandmaster,L9gan
Briar,na1,4,Grandmaster,Fracture Ray
Briar,na1,5,Master,LMAOXD
Caitlyn,na1,1,Challenger,Shogo
Caitlyn,na1,2,Challenger,Inoriboob
Caitlyn,na1,3,Grandmaster,FirstTimeCaitlyn
Caitlyn,na1,4,Challenger,Midorima
Caitlyn,na1,5,Challenger,Bazz B
Camille,na1,1,Challenger,Dena1thor
Camille,na1,2,Grandmaster,Hyperton
Camille,na1,3,Challenger,Aymmy
Camille,na1,4,Grandmaster,Anya Mmiri
Camille,na1,5,Challenger,juicebox
Cassiopeia,na1,1,Grandmaster,Sour Gummy Worm
Cassiopeia,na1,2,Challenger,Zalt
Cassiopeia,na1,3,Grandmaster,SSSean
Cassiopeia,na1,4,Master,TwtchTv MoeZaic
Cassiopeia,na1,5,Grandmaster,Frigault
Cho'Gath,na1,1,Grandmaster,Ainzalaz
Cho'Gath,na1,2,Challenger,Tahmes
Cho'Gath,na1,3,Challenger,kirby with hair
Cho'Gath,na1,4,Master,LetsGoYumDumCha
Cho'Gath,na1,5,Master,WhiteUranium
Corki,na1,1,Grandmaster,deadWonder
Corki,na1,2,Master,Drew
Corki,na1,3,Master,BOMBTHREATCORKI
Corki,na1,4,Master,THE SUPER GOONER
Corki,na1,5,Master,petite latina1
Darius,na1,1,Challenger,I AM SAMA
Darius,na1,2,Grandmaster,gorillajones
Darius,na1,3,Grandmaster,Cylainius
Darius,na1,4,Grandmaster,MXT
Darius,na1,5,Grandmaster,无聊玩玩
Diana1,na1,1,Grandmaster,Sunny
Diana1,na1,2,Challenger,luvbaka
Diana1,na1,3,Grandmaster,Quantum
Diana1,na1,4,Master,Exiled Heretic
Diana1,na1,5,Grandmaster,ABitBad
Dr. Mundo,na1,1,Master,PyramidSainteFoy
Dr. Mundo,na1,2,Master,jltq
Dr. Mundo,na1,3,Master,2:00 AM
Dr. Mundo,na1,4,Master,Jgeno20
Dr. Mundo,na1,5,Grandmaster,Hugme
Ekko,na1,1,Challenger,Scyrnn
Ekko,na1,2,Challenger,ysssy
Ekko,na1,3,Challenger,Pyke Tyson
Ekko,na1,4,Grandmaster,cnjz
Ekko,na1,5,Grandmaster,RomanSaIute
Elise,na1,1,Grandmaster,ikeai
Elise,na1,2,Grandmaster,jungleuser
Elise,na1,3,Master,BLACK PETE
Elise,na1,4,Master,Hiwaga
Elise,na1,5,Challenger,kirby with hair
Evelynn,na1,1,Challenger,dusklol
Evelynn,na1,2,Challenger,TTV dusk lol
Evelynn,na1,3,Grandmaster,sokka
Evelynn,na1,4,Challenger,KryRa
Evelynn,na1,5,Grandmaster,Disdainº
Ezreal,na1,1,Challenger,MYSTIC77
Ezreal,na1,2,Challenger,Hub1012345
Ezreal,na1,3,Challenger,Neøø
Ezreal,na1,4,Challenger,Cody Sun
Ezreal,na1,5,Grandmaster,kosmos
Fiddlesticks,na1,1,Challenger,Nikkone
Fiddlesticks,na1,2,Grandmaster,Mango
Fiddlesticks,na1,3,Grandmaster,Xiao Qing OuO
Fiddlesticks,na1,4,Grandmaster,ALEX HO
Fiddlesticks,na1,5,Grandmaster,孟原快去洗脚丫
Fiora,na1,1,Challenger,唯尔于心
Fiora,na1,2,Challenger,昭彰爱意
Fiora,na1,3,Challenger,olruol
Fiora,na1,4,Grandmaster,KKYTJ
Fiora,na1,5,Challenger,Jauny
Fizz,na1,1,Challenger,闪光小星
Fizz,na1,2,Grandmaster,魔人啾啾
Fizz,na1,3,Master,虎牙Mango Fish
Fizz,na1,4,Master,Refulgence
Fizz,na1,5,Challenger,彻底疯狂
Galio,na1,1,Challenger,lG Roookie
Galio,na1,2,Grandmaster,NotIntTop
Galio,na1,3,Grandmaster,meí dào li
Galio,na1,4,Master,Jayweii
Galio,na1,5,Challenger,Aiden Yasuo
Gangplank,na1,1,Grandmaster,Solarbacca
Gangplank,na1,2,Grandmaster,Zeffry Aboujeeni
Gangplank,na1,3,Grandmaster,OutRushed
Gangplank,na1,4,Master,TwoManyOranges
Gangplank,na1,5,Grandmaster,bie yi han
Garen,na1,1,Grandmaster,PaIco
Garen,na1,2,Grandmaster,CHINESE PALCO
Garen,na1,3,Master,DawntoDúsk
Garen,na1,4,Challenger,Decoy
Garen,na1,5,Master,パルコ
Gna1r,na1,1,Grandmaster,bie yi han
Gna1r,na1,2,Challenger,Jauny
Gna1r,na1,3,Challenger,olruol
Gna1r,na1,4,Challenger,Abyss watcher
Gna1r,na1,5,Master,Aleakath
Gragas,na1,1,Grandmaster,Marios
Gragas,na1,2,Master,kyle9303
Gragas,na1,3,Grandmaster,Lilpistol
Gragas,na1,4,Challenger,IJY
Gragas,na1,5,Grandmaster,Zequilla
Graves,na1,1,Challenger,KryRa
Graves,na1,2,Challenger,stayfocusss
Graves,na1,3,Challenger,EGO
Graves,na1,4,Challenger,T0mio
Graves,na1,5,Challenger,sean
Gwen,na1,1,Challenger,唯尔于心
Gwen,na1,2,Challenger,昭彰爱意
Gwen,na1,3,Challenger,Kenvi
Gwen,na1,4,Grandmaster,AYAYA
Gwen,na1,5,Grandmaster,Kirby Iover
Hecarim,na1,1,Challenger,HUNCHO HECAKING
Hecarim,na1,2,Challenger,optimal
Hecarim,na1,3,Grandmaster,DEOXYS
Hecarim,na1,4,Challenger,EGO
Hecarim,na1,5,Challenger,U Never Loved Me
Heimerdinger,na1,1,Grandmaster,FLABREZU
Heimerdinger,na1,2,Grandmaster,DangIe
Heimerdinger,na1,3,Grandmaster,L P
Heimerdinger,na1,4,Challenger,roughbeanz
Heimerdinger,na1,5,Challenger,Isles3
Hwei,na1,1,Challenger,teemomain85
Hwei,na1,2,Challenger,hamz
Hwei,na1,3,Challenger,Tyler
Hwei,na1,4,Challenger,Cupic Vtuber
Hwei,na1,5,Challenger,Szochs
Illaoi,na1,1,Grandmaster,Vibing Grandpa
Illaoi,na1,2,Grandmaster,lost puppy
Illaoi,na1,3,Master,Pleina1ir
Illaoi,na1,4,Master,Cowfan
Illaoi,na1,5,Challenger,TR1LL
Irelia,na1,1,Grandmaster,Rohanski
Irelia,na1,2,Grandmaster,Zeffry Aboujeeni
Irelia,na1,3,Grandmaster,TOP KING
Irelia,na1,4,Challenger,闪光小星
Irelia,na1,5,Grandmaster,Kamitsuki Sakura
Ivern,na1,1,Challenger,jamican bana1na1
Ivern,na1,2,Challenger,garbo
Ivern,na1,3,Challenger,JungIe Barber
Ivern,na1,4,Grandmaster,Vyvan Le
Ivern,na1,5,Grandmaster,Dendrophilia
Janna1,na1,1,Grandmaster,Trade
Janna1,na1,2,Challenger,Swkeeee
Janna1,na1,3,Challenger,Boy Wonder
Janna1,na1,4,Grandmaster,AllPro
Janna1,na1,5,Master,Nephh
Jarvan IV,na1,1,Challenger,ttv perryjg
Jarvan IV,na1,2,Grandmaster,Kitzuo
Jarvan IV,na1,3,Challenger,Aeon Crystal
Jarvan IV,na1,4,Challenger,KryRa
Jarvan IV,na1,5,Challenger,winnie
Jax,na1,1,Grandmaster,TOP KING
Jax,na1,2,Challenger,IIIIIIIIIIllll
Jax,na1,3,Challenger,luna1cia
Jax,na1,4,Challenger,HighThunderBolt
Jax,na1,5,Challenger,Halal Bros 2023
Jayce,na1,1,Challenger,Choker
Jayce,na1,2,Challenger,Chovy
Jayce,na1,3,Grandmaster,Zeffry Aboujeeni
Jayce,na1,4,Challenger,C9C9C9C9C9
Jayce,na1,5,Challenger,young
Jhin,na1,1,Grandmaster,DIg Striker
Jhin,na1,2,Challenger,Minuilol
Jhin,na1,3,Grandmaster,Djinn
Jhin,na1,4,Challenger,Bazz B
Jhin,na1,5,Challenger,Kuderic
Jinx,na1,1,Challenger,wixxi
Jinx,na1,2,Challenger,Bassel
Jinx,na1,3,Challenger,neødeptrai
Jinx,na1,4,Challenger,Inoriboob
Jinx,na1,5,Challenger,Neøø
K'Sante,na1,1,Challenger,ÑOTÄLONE
K'Sante,na1,2,Challenger,Üc207Pr4f57t9
K'Sante,na1,3,Challenger,Eclipse
K'Sante,na1,4,Grandmaster,DrCalculus
K'Sante,na1,5,Challenger,Spentcer
Kai'Sa,na1,1,Challenger,kisno
Kai'Sa,na1,2,Challenger,江多宝
Kai'Sa,na1,3,Challenger,King
Kai'Sa,na1,4,Challenger,Cody Sun
Kai'Sa,na1,5,Challenger,xua
Kalista,na1,1,Challenger,neødeptrai
Kalista,na1,2,Challenger,da xi gua
Kalista,na1,3,Challenger,かみなり
Kalista,na1,4,Challenger,links
Kalista,na1,5,Grandmaster,Aries
Karma,na1,1,Challenger,Buffing
Karma,na1,2,Challenger,FLY Busio
Karma,na1,3,Challenger,Qitong
Karma,na1,4,Grandmaster,Dragonmin
Karma,na1,5,Grandmaster,ııııııııııııııı
Karthus,na1,1,Challenger,伯牙绝弦少冰少糖
Karthus,na1,2,Grandmaster,Eventual vîctory
Karthus,na1,3,Grandmaster,Doppıo
Karthus,na1,4,Challenger,Previous
Karthus,na1,5,Master,Trainers
Kassadin,na1,1,Challenger,abstention
Kassadin,na1,2,Grandmaster,那我困在
Kassadin,na1,3,Master,wokez
Kassadin,na1,4,Master,1780 US MINORITY
Kassadin,na1,5,Challenger,闪光小星
Katarina1,na1,1,Grandmaster,Stop It App
Katarina1,na1,2,Challenger,Reppy
Katarina1,na1,3,Grandmaster,Midbeast
Katarina1,na1,4,Grandmaster,gamer girl
Katarina1,na1,5,Master,Principal
Kayle,na1,1,Grandmaster,Fracture Ray
Kayle,na1,2,Master,Saneryus
Kayle,na1,3,Master,AznChaí
Kayle,na1,4,Master,memoTop
Kayle,na1,5,Grandmaster,Zasuo Yi
Kayn,na1,1,Challenger,Karasmai Rhaast
Kayn,na1,2,Grandmaster,stayfrosty43
Kayn,na1,3,Challenger,smurphd
Kayn,na1,4,Master,blue kayn
Kayn,na1,5,Grandmaster,Karasmai Kayn
Kennen,na1,1,Challenger,twtv bobjenkins
Kennen,na1,2,Challenger,Phantom
Kennen,na1,3,Grandmaster,你艾希我奶妈
Kennen,na1,4,Challenger,Decoy
Kennen,na1,5,Grandmaster,Lossom
Kha'Zix,na1,1,Grandmaster,Zequilla
Kha'Zix,na1,2,Grandmaster,DWG Canyon
Kha'Zix,na1,3,Grandmaster,Miky2
Kha'Zix,na1,4,Challenger,Daimonz
Kha'Zix,na1,5,Challenger,提线木偶
Kindred,na1,1,Challenger,Super Idol
Kindred,na1,2,Challenger,stayfocusss
Kindred,na1,3,Challenger,readysetgo1
Kindred,na1,4,Challenger,何威威
Kindred,na1,5,Grandmaster,玉玉症打野
Kled,na1,1,Challenger,CaptBear
Kled,na1,2,Master,Willing555
Kled,na1,3,Master,Saint Sopachi
Kled,na1,4,Master,GRIZZLEY
Kled,na1,5,Master,Jamaican Top
Kog'Maw,na1,1,Challenger,Shogo
Kog'Maw,na1,2,Challenger,yangus Beef
Kog'Maw,na1,3,Grandmaster,no1reveluv
Kog'Maw,na1,4,Challenger,kirby with hair
Kog'Maw,na1,5,Challenger,Kuderic
LeBlanc,na1,1,Challenger,suffix
LeBlanc,na1,2,Challenger,Cinderella
LeBlanc,na1,3,Challenger,snowflake
LeBlanc,na1,4,Challenger,Ariendel
LeBlanc,na1,5,Challenger,young
Lee Sin,na1,1,Challenger,waste it on me
Lee Sin,na1,2,Grandmaster,MaskedZero
Lee Sin,na1,3,Grandmaster,Bánh Mì xD
Lee Sin,na1,4,Challenger,play for lane
Lee Sin,na1,5,Challenger,T0mio
Leona1,na1,1,Challenger,FLY Busio
Leona1,na1,2,Challenger,KDKD
Leona1,na1,3,Challenger,5tunt
Leona1,na1,4,Grandmaster,GeniusAwakened
Leona1,na1,5,Grandmaster,TOOGOOD
Lillia,na1,1,Challenger,Amazo
Lillia,na1,2,Challenger,smurphd
Lillia,na1,3,Challenger,RoseThorn
Lillia,na1,4,Challenger,dusklol
Lillia,na1,5,Challenger,TTV dusk lol
Lissandra,na1,1,Challenger,Allorim
Lissandra,na1,2,Challenger,Choker
Lissandra,na1,3,Grandmaster,DUA LISSA
Lissandra,na1,4,Master,Tar ai ais
Lissandra,na1,5,Grandmaster,UnControlled
Lucian,na1,1,Challenger,Cendi
Lucian,na1,2,Challenger,Cody Sun
Lucian,na1,3,Grandmaster,LL TRIGGER
Lucian,na1,4,Challenger,Inoriboob
Lucian,na1,5,Grandmaster,Dual
Lulu,na1,1,Challenger,Swkeeee
Lulu,na1,2,Grandmaster,Hiccup1357
Lulu,na1,3,Challenger,Nightmisty
Lulu,na1,4,Master,mieuk
Lulu,na1,5,Grandmaster,Katsumi41
Lux,na1,1,Challenger,Cupic Vtuber
Lux,na1,2,Challenger,Yozu
Lux,na1,3,Grandmaster,TTV Sillysiddy
Lux,na1,4,Grandmaster,Season of Leaves
Lux,na1,5,Grandmaster,Wave Control
Malphite,na1,1,Grandmaster,QiàoQiào
Malphite,na1,2,Grandmaster,DrCalculus
Malphite,na1,3,Master,Perma Bulker
Malphite,na1,4,Grandmaster,Camille
Malphite,na1,5,Master,Gilgamesh
Malzahar,na1,1,Grandmaster,BLOODY
Malzahar,na1,2,Grandmaster,Anbu Senpaii
Malzahar,na1,3,Grandmaster,Rebel Lucifer
Malzahar,na1,4,Master,Haglol
Malzahar,na1,5,Grandmaster,Radar
Maokai,na1,1,Challenger,Pentaless
Maokai,na1,2,Challenger,Aeon Crystal
Maokai,na1,3,Challenger,sigmamale143554
Maokai,na1,4,Grandmaster,Aizo
Maokai,na1,5,Grandmaster,Special Kay
Master Yi,na1,1,Grandmaster,放心这把有神
Master Yi,na1,2,Grandmaster,Zasuo Yi
Master Yi,na1,3,Grandmaster,stayfrosty43
Master Yi,na1,4,Master,无情的
Master Yi,na1,5,Master,Bolijojo
Milio,na1,1,Challenger,sigmamale143554
Milio,na1,2,Grandmaster,bryan3838
Milio,na1,3,Challenger,Sam
Milio,na1,4,Grandmaster,Silver
Milio,na1,5,Grandmaster,TymMio
Miss Fortune,na1,1,Grandmaster,A Normal Player
Miss Fortune,na1,2,Grandmaster,세인트 스푼킹
Miss Fortune,na1,3,Master,TTV Aicaid
Miss Fortune,na1,4,Grandmaster,MasterMonkeyna1
Miss Fortune,na1,5,Challenger,Inoriboob
Mordekaiser,na1,1,Master,Magmor
Mordekaiser,na1,2,Grandmaster,Kaizer Morde
Mordekaiser,na1,3,Grandmaster,HDAMFN
Mordekaiser,na1,4,Grandmaster,돈없다
Mordekaiser,na1,5,Master,TheSlamboy
Morgana1,na1,1,Grandmaster,GeniusAwakened
Morgana1,na1,2,Master,Nivhay
Morgana1,na1,3,Grandmaster,TymMio
Morgana1,na1,4,Grandmaster,sKILLSHOTz FIRED
Morgana1,na1,5,Grandmaster,Junnypoo
na1afiri,na1,1,Challenger,ToastyAlex
na1afiri,na1,2,Challenger,sth2die4
na1afiri,na1,3,Challenger,Nebula
na1afiri,na1,4,Master,Jamaican Top
na1afiri,na1,5,Grandmaster,bluelinkthe8
na1mi,na1,1,Challenger,Silent Reaper
na1mi,na1,2,Grandmaster,cass
na1mi,na1,3,Challenger,Swkeeee
na1mi,na1,4,Grandmaster,Memories
na1mi,na1,5,Grandmaster,Mizli
na1sus,na1,1,Grandmaster,Can1ne
na1sus,na1,2,Master,FeedOnBirthday
na1sus,na1,3,Master,FEEDING YASU0
na1sus,na1,4,Master,spacesword
na1sus,na1,5,Master,Psychopathic Top
Neeko,na1,1,Challenger,gg wtf
Neeko,na1,2,Challenger,Lemontea
Neeko,na1,3,Grandmaster,DO NOT PRESS F4
Neeko,na1,4,Grandmaster,Karl the Cactus
Neeko,na1,5,Grandmaster,SSSean
Nidalee,na1,1,Challenger,Spica
Nidalee,na1,2,Grandmaster,lay z boi
Nidalee,na1,3,Grandmaster,DWG Canyon
Nidalee,na1,4,Grandmaster,ikeai
Nidalee,na1,5,Challenger,Kenvi
Nilah,na1,1,Grandmaster,Stop It App
Nilah,na1,2,Challenger,da xi gua
Nilah,na1,3,Challenger,wixxi
Nilah,na1,4,Challenger,Inoriboob
Nilah,na1,5,Grandmaster,Suavey
Nunu & Willump,na1,1,Challenger,Pentaless
Nunu & Willump,na1,2,Grandmaster,Ninjaclasher
Nunu & Willump,na1,3,Grandmaster,KIMCHI
Nunu & Willump,na1,4,Master,NUNU WINTRADE
Nunu & Willump,na1,5,Master,FluffyGoatRalsei
Olaf,na1,1,Challenger,I AM SAMA
Olaf,na1,2,Grandmaster,theface4radio
Olaf,na1,3,Challenger,昭彰爱意
Olaf,na1,4,Grandmaster,monkey30000
Olaf,na1,5,Grandmaster,Mr Bluehat
Orianna1,na1,1,Grandmaster,Yoshimimar
Orianna1,na1,2,Challenger,htag
Orianna1,na1,3,Challenger,tr1ckst3r
Orianna1,na1,4,Grandmaster,wizard101 player
Orianna1,na1,5,Challenger,teemomain85
Ornn,na1,1,Challenger,Allorim
Ornn,na1,2,Grandmaster,BaneOfHades
Ornn,na1,3,Grandmaster,Fleuber Burbler
Ornn,na1,4,Grandmaster,Kawaii Aruruu
Ornn,na1,5,Master,keshi abg boba
Pantheon,na1,1,Grandmaster,Flame
Pantheon,na1,2,Grandmaster,小蚊子
Pantheon,na1,3,Grandmaster,POLARIS
Pantheon,na1,4,Grandmaster,hankster2002
Pantheon,na1,5,Master,Genesis
Poppy,na1,1,Challenger,twtv bobjenkins
Poppy,na1,2,Challenger,Allorim
Poppy,na1,3,Challenger,love poppy
Poppy,na1,4,Challenger,Topo
Poppy,na1,5,Challenger,IIIIIIIIIIllll
Pyke,na1,1,Challenger,Davemon
Pyke,na1,2,Challenger,pizzaman007
Pyke,na1,3,Grandmaster,Werry
Pyke,na1,4,Challenger,FLY Busio
Pyke,na1,5,Challenger,Diamond
Qiyana1,na1,1,Challenger,nooneknows14
Qiyana1,na1,2,Challenger,Dio
Qiyana1,na1,3,Challenger,pizzaman007
Qiyana1,na1,4,Grandmaster,ppalli
Qiyana1,na1,5,Challenger,Daimonz
Quinn,na1,1,Challenger,Quinna1D
Quinn,na1,2,Grandmaster,LOL Player
Quinn,na1,3,Grandmaster,bean machine
Quinn,na1,4,Challenger,Dena1thor
Quinn,na1,5,Master,Lazzaro
Rakan,na1,1,Challenger,Isles2
Rakan,na1,2,Challenger,Breezyyy
Rakan,na1,3,Challenger,dtro
Rakan,na1,4,Challenger,KDKD
Rakan,na1,5,Challenger,Daption
Rammus,na1,1,Challenger,Xếp Team Như CC
Rammus,na1,2,Master,AskMeAboutJesus
Rammus,na1,3,Grandmaster,Rebel Lucifer
Rammus,na1,4,Master,LeaningTable 3
Rammus,na1,5,Master,lmagine lnting
Rek'Sai,na1,1,Challenger,何威威
Rek'Sai,na1,2,Grandmaster,Peww
Rek'Sai,na1,3,Grandmaster,但为君故
Rek'Sai,na1,4,Grandmaster,EUWphoria
Rek'Sai,na1,5,Grandmaster,gyu123987
Rell,na1,1,Challenger,Isles1
Rell,na1,2,Challenger,Isles2
Rell,na1,3,Challenger,Just1
Rell,na1,4,Challenger,dtro
Rell,na1,5,Challenger,Zyko
Rena1ta Glasc,na1,1,Challenger,Fel
Rena1ta Glasc,na1,2,Challenger,Isles3
Rena1ta Glasc,na1,3,Grandmaster,Trade
Rena1ta Glasc,na1,4,Challenger,sigmamale143554
Rena1ta Glasc,na1,5,Grandmaster,Psycho Wand
Renekton,na1,1,Challenger,Crimson
Renekton,na1,2,Challenger,나는악어
Renekton,na1,3,Challenger,3in1warrior
Renekton,na1,4,Challenger,Eclipse
Renekton,na1,5,Challenger,Dena1thor
Rengar,na1,1,Challenger,Fear
Rengar,na1,2,Challenger,vx 13477834055
Rengar,na1,3,Grandmaster,Gengar
Rengar,na1,4,Challenger,TTV SolNeverDie
Rengar,na1,5,Challenger,Rhite Wice
Riven,na1,1,Challenger,Riven Vayne
Riven,na1,2,Challenger,mysmysmysmys
Riven,na1,3,Grandmaster,Viper
Riven,na1,4,Challenger,juicebox
Riven,na1,5,Challenger,HighThunderBolt
Rumble,na1,1,Grandmaster,Victør
Rumble,na1,2,Grandmaster,timal
Rumble,na1,3,Grandmaster,Ìncognito
Rumble,na1,4,Challenger,4 Stars
Rumble,na1,5,Grandmaster,Afroban
Ryze,na1,1,Grandmaster,Trisend
Ryze,na1,2,Grandmaster,Trisend3
Ryze,na1,3,Master,willocash
Ryze,na1,4,Master,trisend333
Ryze,na1,5,Master,sufferinghelp
Samira,na1,1,Challenger,o m n i a
Samira,na1,2,Grandmaster,Zad
Samira,na1,3,Grandmaster,Gumayuzi
Samira,na1,4,Master,ConcubineCody
Samira,na1,5,Grandmaster,Aries
Senna1,na1,1,Challenger,Isles2
Senna1,na1,2,Grandmaster,GeniusAwakened
Senna1,na1,3,Challenger,VULCAN
Senna1,na1,4,Grandmaster,Sunbeh
Senna1,na1,5,Challenger,Protos
Seraphine,na1,1,Challenger,Cupic Vtuber
Seraphine,na1,2,Challenger,Seal
Seraphine,na1,3,Challenger,keanu
Seraphine,na1,4,Challenger,Plus d amour
Seraphine,na1,5,Challenger,Yue
Sett,na1,1,Grandmaster,BoilTheOil
Sett,na1,2,Master,wff010
Sett,na1,3,Grandmaster,rogue
Sett,na1,4,Grandmaster,Asesh
Sett,na1,5,Master,Metikus
Shen,na1,1,Challenger,Santa
Shen,na1,2,Challenger,Ray Leon
Shen,na1,3,Grandmaster,llamast3
Shen,na1,4,Master,TTV IMainTopLane
Shen,na1,5,Master,Octave
Shyvana1,na1,1,Master,Battòusai
Shyvana1,na1,2,Challenger,we out here
Shyvana1,na1,3,Master,Cream
Shyvana1,na1,4,Master,Evil Lobster
Shyvana1,na1,5,Master,绿茶婊杀手
Singed,na1,1,Grandmaster,rainy days
Singed,na1,2,Master,Minish
Singed,na1,3,Master,Mena1ce of Zaun
Singed,na1,4,Master,Firm and Heavy
Singed,na1,5,Master,ADC Delivery
Sion,na1,1,Grandmaster,Diesel
Sion,na1,2,Grandmaster,TC porsche
Sion,na1,3,Grandmaster,Taner
Sion,na1,4,Master,Sam Screams
Sion,na1,5,Master,kyle9303
Sivir,na1,1,Grandmaster,CRACKXMECHANICS
Sivir,na1,2,Challenger,Sushee
Sivir,na1,3,Challenger,Cody Sun
Sivir,na1,4,Challenger,Neøø
Sivir,na1,5,Challenger,Levitate
Skarner,na1,1,Grandmaster,Merthos
Skarner,na1,2,Grandmaster,metalhydra273
Skarner,na1,3,Master,Guess da number
Skarner,na1,4,Master,Hotstoof
Skarner,na1,5,Master,Stoof
Sona1,na1,1,Challenger,The Tank Man
Sona1,na1,2,Grandmaster,MIND PALACE
Sona1,na1,3,Grandmaster,mind palace
Sona1,na1,4,Grandmaster,edating virgin
Sona1,na1,5,Challenger,waste it on me
Soraka,na1,1,Grandmaster,aurelia
Soraka,na1,2,Grandmaster,Deer
Soraka,na1,3,Challenger,Afflictive
Soraka,na1,4,Challenger,Qitong
Soraka,na1,5,Grandmaster,ShinoAburame
Swain,na1,1,Challenger,chenchen53
Swain,na1,2,Grandmaster,boy tamer
Swain,na1,3,Challenger,Kurfyou
Swain,na1,4,Grandmaster,bluelinkthe8
Swain,na1,5,Grandmaster,Ballsagna1
Sylas,na1,1,Challenger,snowflake
Sylas,na1,2,Grandmaster,Petricite
Sylas,na1,3,Challenger,lG Roookie
Sylas,na1,4,Challenger,Pyke Tyson
Sylas,na1,5,Challenger,A Frozen Titan
Syndra,na1,1,Challenger,htag
Syndra,na1,2,Challenger,sna1rkyy
Syndra,na1,3,Challenger,A Frozen Titan
Syndra,na1,4,Challenger,Aiden Yasuo
Syndra,na1,5,Grandmaster,Trisend
Tahm Kench,na1,1,Challenger,Tahmes
Tahm Kench,na1,2,Challenger,Allorim
Tahm Kench,na1,3,Challenger,Berik
Tahm Kench,na1,4,Master,Ghost of Razgriz
Tahm Kench,na1,5,Master,Apex Gapex
Taliyah,na1,1,Challenger,C9C9C9C9C9
Taliyah,na1,2,Grandmaster,Jouzef
Taliyah,na1,3,Challenger,Keel2
Taliyah,na1,4,Challenger,T0mio
Taliyah,na1,5,Challenger,再 见
Talon,na1,1,Challenger,SolNeverDie
Talon,na1,2,Challenger,TTV SolNeverDie
Talon,na1,3,Grandmaster,WHATT
Talon,na1,4,Challenger,4 Stars
Talon,na1,5,Grandmaster,Tsukuyomi
Taric,na1,1,Grandmaster,lightrocket2
Taric,na1,2,Grandmaster,BaoShi王
Taric,na1,3,Grandmaster,TurkishKebaby
Taric,na1,4,Challenger,TL Honda CoreJJ
Taric,na1,5,Master,ghetto smosh
Teemo,na1,1,Challenger,Ty G
Teemo,na1,2,Master,Manc0
Teemo,na1,3,Master,0megaSquad Teemo
Teemo,na1,4,Master,Willis
Teemo,na1,5,Master,GoingPro2033
Thresh,na1,1,Challenger,ItzYoru
Thresh,na1,2,Challenger,Saint Ghoul
Thresh,na1,3,Challenger,KDKD
Thresh,na1,4,Grandmaster,ASSBLASTER79
Thresh,na1,5,Challenger,Ostrich
Tristana1,na1,1,Challenger,Relationship
Tristana1,na1,2,Challenger,imp
Tristana1,na1,3,Challenger,Night Rose Vayne
Tristana1,na1,4,Grandmaster,Odece
Tristana1,na1,5,Challenger,Afflictive
Trundle,na1,1,Grandmaster,Itstk
Trundle,na1,2,Grandmaster,Hugme
Trundle,na1,3,Grandmaster,YAO SHIESTY
Trundle,na1,4,Master,ASCEND YOUR MIND
Trundle,na1,5,Master,Bungo BALLS
Tryndamere,na1,1,Challenger,TTVKingVeerChand
Tryndamere,na1,2,Challenger,Cytheur
Tryndamere,na1,3,Grandmaster,永远的神
Tryndamere,na1,4,Grandmaster,step1v9
Tryndamere,na1,5,Master,Tryndaqueer
Twisted Fate,na1,1,Challenger,tr1ckst3r
Twisted Fate,na1,2,Grandmaster,TFandInt
Twisted Fate,na1,3,Challenger,Ostrich
Twisted Fate,na1,4,Master,Vanguards
Twisted Fate,na1,5,Grandmaster,mightycrouse03
Twitch,na1,1,Challenger,elesis
Twitch,na1,2,Challenger,Rhite Wice
Twitch,na1,3,Challenger,o m n i a
Twitch,na1,4,Challenger,jimmykoi
Twitch,na1,5,Challenger,Benhart
Udyr,na1,1,Challenger,Verdict
Udyr,na1,2,Challenger,Seal
Udyr,na1,3,Challenger,U Never Loved Me
Udyr,na1,4,Master,Starbucks
Udyr,na1,5,Challenger,optimal
Urgot,na1,1,Challenger,quante1
Urgot,na1,2,Challenger,yangus Beef
Urgot,na1,3,Challenger,QUANTE
Urgot,na1,4,Challenger,Spentcer
Urgot,na1,5,Grandmaster,edamamelover69
Varus,na1,1,Challenger,links
Varus,na1,2,Challenger,Asyc
Varus,na1,3,Grandmaster,Wave Control
Varus,na1,4,Challenger,Dhokla
Varus,na1,5,Grandmaster,Piksol
Vayne,na1,1,Challenger,RYOIKI TENKAI
Vayne,na1,2,Challenger,we out here
Vayne,na1,3,Challenger,Sushee
Vayne,na1,4,Challenger,ENTHRALLED
Vayne,na1,5,Challenger,kisno
Veigar,na1,1,Grandmaster,Veiga
Veigar,na1,2,Master,Potatocouch
Veigar,na1,3,Master,bigfatlp
Veigar,na1,4,Master,PhyMini
Veigar,na1,5,Master,Jõker
Vel'Koz,na1,1,Grandmaster,Vel Style
Vel'Koz,na1,2,Master,ShadowYosejus
Vel'Koz,na1,3,Grandmaster,cyw
Vel'Koz,na1,4,Master,Daddy K
Vel'Koz,na1,5,Master,unpaidchildsupp
Vex,na1,1,Challenger,irelia
Vex,na1,2,Challenger,Samikin
Vex,na1,3,Grandmaster,ERK
Vex,na1,4,Challenger,PENGUIN L
Vex,na1,5,Master,meenyolk
Viego,na1,1,Challenger,ttv perryjg
Viego,na1,2,Grandmaster,Lelouch Lamperou
Viego,na1,3,Challenger,江多宝
Viego,na1,4,Challenger,Spica
Viego,na1,5,Challenger,Amazo
Viktor,na1,1,Master,Krozoid
Viktor,na1,2,Grandmaster,mightycrouse03
Viktor,na1,3,Master,JsMethod
Viktor,na1,4,Grandmaster,dun 1v9
Viktor,na1,5,Grandmaster,AlphaWolffy
Vladimir,na1,1,Challenger,抹茶旦旦
Vladimir,na1,2,Challenger,Robbybob
Vladimir,na1,3,Challenger,play for lane
Vladimir,na1,4,Challenger,chenchen53
Vladimir,na1,5,Grandmaster,Competition9
Volibear,na1,1,Grandmaster,Mr Bluehat
Volibear,na1,2,Grandmaster,キノピ
Volibear,na1,3,Master,BladeCube
Volibear,na1,4,Master,SilverChase
Volibear,na1,5,Master,JWARRIOR1
Warwick,na1,1,Challenger,小越越
Warwick,na1,2,Challenger,twtv bobjenkins
Warwick,na1,3,Grandmaster,小蚊子
Warwick,na1,4,Master,D0WG
Warwick,na1,5,Challenger,kirby with hair
Wukong,na1,1,Grandmaster,Airflash
Wukong,na1,2,Challenger,luna1cia
Wukong,na1,3,Grandmaster,WindwallandChill
Wukong,na1,4,Challenger,Qingxi
Wukong,na1,5,Master,opmountain
Xayah,na1,1,Challenger,Shogo
Xayah,na1,2,Challenger,Bassel
Xayah,na1,3,Challenger,neødeptrai
Xayah,na1,4,Challenger,King
Xayah,na1,5,Challenger,Neøø
Xerath,na1,1,Challenger,roughbeanz
Xerath,na1,2,Grandmaster,TOOGOOD
Xerath,na1,3,Master,Xerath
Xerath,na1,4,Master,Hot Eboy Xerath
Xerath,na1,5,Grandmaster,Seranok
Yasuo,na1,1,Challenger,sorde
Yasuo,na1,2,Challenger,LL Abdul
Yasuo,na1,3,Challenger,Thats Not Fervor
Yasuo,na1,4,Challenger,Aiden Yasuo
Yasuo,na1,5,Grandmaster,Komari
Yone,na1,1,Challenger,昭彰爱意
Yone,na1,2,Challenger,C9C9C9C9C9
Yone,na1,3,Challenger,唯尔于心
Yone,na1,4,Challenger,sorde
Yone,na1,5,Challenger,Alpha XII
Yorick,na1,1,Grandmaster,Ruzuzu
Yorick,na1,2,Master,JustAWeeeb
Yorick,na1,3,Master,sevens
Yorick,na1,4,Master,zet
Yorick,na1,5,Master,Jue Viole Grace
Yuumi,na1,1,Grandmaster,july
Yuumi,na1,2,Master,Cat GPT Yuumi
Yuumi,na1,3,Master,Faker
Yuumi,na1,4,Master,아이스 아메리카노
Yuumi,na1,5,Master,tiny kitten
Zac,na1,1,Challenger,KryRa
Zac,na1,2,Challenger,OlderThanYourDad
Zac,na1,3,Grandmaster,woefully
Zac,na1,4,Grandmaster,cnjz
Zac,na1,5,Grandmaster,姫島 朱乃
Zed,na1,1,Challenger,ZED04
Zed,na1,2,Challenger,DeadIy Mark
Zed,na1,3,Grandmaster,Laceration
Zed,na1,4,Grandmaster,Finsen
Zed,na1,5,Grandmaster,shochi
Zeri,na1,1,Challenger,Neøø
Zeri,na1,2,Challenger,waste it on me
Zeri,na1,3,Challenger,links
Zeri,na1,4,Grandmaster,Pooper Josh
Zeri,na1,5,Challenger,Tomo
Ziggs,na1,1,Challenger,Decoy
Ziggs,na1,2,Challenger,Cendi
Ziggs,na1,3,Challenger,Shogo
Ziggs,na1,4,Challenger,SalmonTugboat41
Ziggs,na1,5,Grandmaster,Pýnt
Zilean,na1,1,Grandmaster,Tempos
Zilean,na1,2,Grandmaster,InfiniteAim
Zilean,na1,3,Challenger,Kurfyou
Zilean,na1,4,Master,TTV Zileana1ire
Zilean,na1,5,Master,Dexodius
Zoe,na1,1,Challenger,Samikin
Zoe,na1,2,Grandmaster,Peaking Tutorial
Zoe,na1,3,Challenger,Cupic Vtuber
Zoe,na1,4,Challenger,Nebula
Zoe,na1,5,Challenger,gwy1206
Zyra,na1,1,Challenger,duoking1
Zyra,na1,2,Grandmaster,GeniusAwakened
Zyra,na1,3,Challenger,enryu
Zyra,na1,4,Challenger,links
Zyra,na1,5,Master,Zyrã619
Xin Zhao,na1,1,Challenger,阿 海
Xin Zhao,na1,2,Grandmaster,MrSatisfy
Xin Zhao,na1,3,Grandmaster,yandere breeder
Xin Zhao,na1,4,Grandmaster,cnjz
Xin Zhao,na1,5,Master,Russ T Sprinkler
Sejuani,na1,1,Master,poopoogan
Sejuani,na1,2,Master,Dime
Sejuani,na1,3,Master,Uzi Maki Moto
Sejuani,na1,4,Master,ØØØØØØ
Sejuani,na1,5,Master,Colby
na1utilus,na1,1,Challenger,Isles1
na1utilus,na1,2,Grandmaster,GeniusAwakened
na1utilus,na1,3,Challenger,Isles2
na1utilus,na1,4,Grandmaster,EtooHai
na1utilus,na1,5,Grandmaster,Ditto
Nocturne,na1,1,Challenger,爱伊莲恩
Nocturne,na1,2,Grandmaster,chickenboy22
Nocturne,na1,3,Grandmaster,piglibra
Nocturne,na1,4,Grandmaster,Nilemars
Nocturne,na1,5,Grandmaster,绝影魔剑神
Draven,na1,1,Challenger,elesis
Draven,na1,2,Grandmaster,狙擊XD
Draven,na1,3,Challenger,Previous
Draven,na1,4,Challenger,Inoriboob
Draven,na1,5,Challenger,THROW LORD
Vi,na1,1,Challenger,winnie
Vi,na1,2,Grandmaster,Rocket
Vi,na1,3,Master,Kiwi Slayer
Vi,na1,4,Grandmaster,Brando
Vi,na1,5,Master,GotMyFuzzyCuffs
Shaco,na1,1,Challenger,小楚爱
Shaco,na1,2,Grandmaster,TTV Pomerzz 1
Shaco,na1,3,Grandmaster,Irk Luigi
Shaco,na1,4,Master,PinkWard
Shaco,na1,5,Master,Chase